Unnamed: 0,카페 번호,카페 이름,도로명 주소,URL
0,1486868804.0,롤앤베이크,전남 목포시 영산로40번길 3-2 1층,https://m.place.naver.com/restaurant/1486868804/home
1,1848357224.0,내안의 커피,전남 목포시 신흥로83번길 17 1층,https://m.place.naver.com/restaurant/1848357224/home
2,16764370.0,씨엘비베이커리,전남 목포시 영산로75번길 14 1층,https://m.place.naver.com/restaurant/16764370/home
3,1221239040.0,코롬방제과점,전남 목포시 영산로75번길 7,https://m.place.naver.com/restaurant/1221239040/home
4,1577501181.0,페어링,전남 목포시 미항로 139,https://m.place.naver.com/restaurant/1577501181/home
5,1416812341.0,SUKSAN,전남 목포시 고하대로 588,https://m.place.naver.com/restaurant/1416812341/home
6,1484544973.0,커피창고로,전남 목포시 평화로 51,https://m.place.naver.com/restaurant/1484544973/home
7,1086957001.0,라니카이,"전남 목포시 북항로 188 106~9호 3, 4층",https://m.place.naver.com/restaurant/1086957001/home
8,1272287731.0,요굴뚝,전남 목포시 연산백련로7번길 8-4 1층 101호,https://m.place.naver.com/restaurant/1272287731/home
9,1338668703.0,카페델마르,전남 목포시 해양대학로 77 3층,https://m.place.naver.com/restaurant/1338668703/home
10,1779831903.0,대반동201,전남 목포시 해양대학로 59 유달유원지 2층,https://m.place.naver.com/restaurant/1779831903/home
11,1154216296.0,카페지제이,전남 목포시 해양대학로 20 1층,https://m.place.naver.com/restaurant/1154216296/home
12,1757446204.0,테라스201,전남 목포시 해양대학로 70-1 테라스201,https://m.place.naver.com/restaurant/1757446204/home
13,1672332203.0,SONGJART,전남 목포시 해안로173번길 15-3 송자르트 베이커리 카페 & 레스토랑,https://m.place.naver.com/restaurant/1672332203/home
14,1256278263.0,가비1935,전남 목포시 영산로 18,https://m.place.naver.com/restaurant/1256278263/home
15,1737058016.0,오무아,전남 목포시 해안로148번길 23 1층,https://m.place.naver.com/restaurant/1737058016/home
16,1086685070.0,인디파사드,전남 목포시 영산로29번길 9-2,https://m.place.naver.com/restaurant/1086685070/home
17,1124514954.0,커피창고로,전남 목포시 청호로219번길 34-15 북항씨푸드타운 2차 102호,https://m.place.naver.com/restaurant/1124514954/home
18,1766620743.0,인스파이어링 커피,전남 목포시 호남로64번길 22-1,https://m.place.naver.com/restaurant/1766620743/home
19,1531114021.0,런디드오프,전남 목포시 호남로64번길 28-1 2층,https://m.place.naver.com/restaurant/1531114021/home
20,498689822.0,스트로베리팩토리,전남 목포시 교육로 38 백상빌딩,https://m.place.naver.com/restaurant/498689822/home
21,1170918272.0,나리옥,전남 목포시 해안로 2-1 2층,https://m.place.naver.com/restaurant/1170918272/home
22,1577501181.0,페어링,전남 목포시 미항로 139,https://m.place.naver.com/restaurant/1577501181/home
23,1059845402.0,쿠레레,전남 목포시 해안로229번길 19 1층,https://m.place.naver.com/restaurant/1059845402/home
24,1876232900.0,spatial cafe,전남 목포시 청호로 179-1,https://m.place.naver.com/restaurant/1876232900/home
25,1305193977.0,오거리숭커피,전남 목포시 해안로249번길 38-1,https://m.place.naver.com/restaurant/1305193977/home
26,419927842.0,룰리스x아흐레,전남 목포시 미항로 97,https://m.place.naver.com/restaurant/419927842/home
27,1271607839.0,씨엘비베이커리 2호점,전남 목포시 영산로75번길 14-1 1층,https://m.place.naver.com/restaurant/1271607839/home
28,1687774488.0,무가보,전남 목포시 영산로 19-1 2층,https://m.place.naver.com/restaurant/1687774488/home
29,1345452100.0,하이디저트,전남 목포시 원산중앙로 51 127호(지도에 온고을명가 입력-> 바로 맞은편 위치),https://m.place.naver.com/restaurant/1345452100/home
30,1099584939.0,차오르다,전남 목포시 미항로 141,https://m.place.naver.com/restaurant/1099584939/home
31,1725446516.0,유달유업,전남 목포시 북항로 119,https://m.place.naver.com/restaurant/1725446516/home
32,1745357014.0,버터피크닉,전남 목포시 하당로68번길 10-1 버터피크닉,https://m.place.naver.com/restaurant/1745357014/home
33,1361289728.0,유달동의로망스,전남 목포시 번화로 19 1층,https://m.place.naver.com/restaurant/1361289728/home
34,15018549.0,행복이가득한집카페,전남 목포시 해안로165번길 45,https://m.place.naver.com/restaurant/15018549/home
35,31675174.0,딸기네집케이크,전남 목포시 하당로 78 1층,https://m.place.naver.com/restaurant/31675174/home
36,1134675621.0,온스,전남 목포시 미항로 145 온스카페,https://m.place.naver.com/restaurant/1134675621/home
37,37928687.0,since2014 목포과일모찌 본점,전남 목포시 영산로75번길 4 1층,https://m.place.naver.com/restaurant/37928687/home
38,1603000487.0,목포왕꽈배기 신자유시장본점,전남 목포시 용당로 54-1,https://m.place.naver.com/restaurant/1603000487/home
39,1764848073.0,레테커피,전남 목포시 하당로227번길 23-1 레테커피,https://m.place.naver.com/restaurant/1764848073/home
40,1880401758.0,목포낭만샌드,전남 목포시 노적봉길 6 1층,https://m.place.naver.com/restaurant/1880401758/home
41,1396795086.0,카페산정,전남 목포시 산정언덕로 11 카페산정,https://m.place.naver.com/restaurant/1396795086/home
42,1759937892.0,카페닻,전남 목포시 해양대학로139번길 23 카페닻,https://m.place.naver.com/restaurant/1759937892/home
43,1380998961.0,캑티,전남 목포시 산정로21번길 11 1층,https://m.place.naver.com/restaurant/1380998961/home
44,1976435825.0,인헤르또,전남 목포시 평화로 57,https://m.place.naver.com/restaurant/1976435825/home
45,1158269852.0,잉글리쉬크림티하우스영국다방,전남 목포시 자유로20번길 31,https://m.place.naver.com/restaurant/1158269852/home
46,1815550207.0,커피이십센치목포점,전남 목포시 복산길 24 1층,https://m.place.naver.com/restaurant/1815550207/home
47,1457769320.0,그랜마당,전남 목포시 비파로43번길 31-1,https://m.place.naver.com/restaurant/1457769320/home
48,1537805022.0,바다풍경,전남 목포시 삼학로 88-56 요트마리나 2층 바다풍경,https://m.place.naver.com/restaurant/1537805022/home
49,16784978.0,그린하우스제과점,전남 목포시 신흥로 24,https://m.place.naver.com/restaurant/16784978/home
50,34922679.0,브릭레인,전남 목포시 영산로75번길 27 2F,https://m.place.naver.com/restaurant/34922679/home
51,33021712.0,스타벅스 목포평화광장점,전남 목포시 미항로 137,https://m.place.naver.com/restaurant/33021712/home
52,1828129077.0,스마일찹쌀꽈배기목포점,전남 목포시 남악1로52번길 58,https://m.place.naver.com/restaurant/1828129077/home
53,38522658.0,기찻길315,전남 목포시 용당로264번길 16 1~2층,https://m.place.naver.com/restaurant/38522658/home
0,1083756722.0,망고루 체인본부,전남 목포시 평화로 38 1층,https://m.place.naver.com/restaurant/1083756722/home
1,1283947890.0,유달산장,전남 목포시 유달로 119,https://m.place.naver.com/restaurant/1283947890/home
2,87403811.0,박태민과자점,전남 목포시 원산중앙로 7 진프라자 1f,https://m.place.naver.com/restaurant/87403811/home
3,1848357224.0,내안의 커피,전남 목포시 신흥로83번길 17 1층,https://m.place.naver.com/restaurant/1848357224/home
4,37397589.0,스타벅스 목포북항DT점,전남 목포시 고하대로 694,https://m.place.naver.com/restaurant/37397589/home
5,1993331998.0,낭만열차1953,전남 목포시 용당로263번길 8,https://m.place.naver.com/restaurant/1993331998/home
6,1509350693.0,어썸,전남 목포시 후광대로105번길 17-2 1층,https://m.place.naver.com/restaurant/1509350693/home
7,1435087828.0,카페인평광,전남 목포시 원형서로 46-1 양우비치팰리스 상가1층,https://m.place.naver.com/restaurant/1435087828/home
8,1888608512.0,쌔맨,전남 목포시 평화로61번길 10 1층,https://m.place.naver.com/restaurant/1888608512/home
9,1934615046.0,오늘의페이지,전남 목포시 동부로52번길 38-3,https://m.place.naver.com/restaurant/1934615046/home
10,1663927263.0,케이크벨라무르,전남 목포시 원형서로 46-1 1층 113호,https://m.place.naver.com/restaurant/1663927263/home
11,1440455899.0,케이커,전남 목포시 영산로59번길 32-1 1층,https://m.place.naver.com/restaurant/1440455899/home
12,1157242712.0,커피파나쉐 전망대점,전남 목포시 고하도안길 234,https://m.place.naver.com/restaurant/1157242712/home
13,1522603377.0,호텔목화 카페&베이커리,전남 목포시 유동로36번길 15 호텔목화카페,https://m.place.naver.com/restaurant/1522603377/home
14,1587398393.0,하얀목화 아이스크림 유달본점,전남 목포시 유동로 55 1층 하얀목화,https://m.place.naver.com/restaurant/1587398393/home
15,1556142868.0,티하우스클리프,전남 목포시 후광대로105번안길 33-7,https://m.place.naver.com/restaurant/1556142868/home
16,1552933416.0,파흐,전남 목포시 삼학로 386 2동 1층(용해동),https://m.place.naver.com/restaurant/1552933416/home
17,1903557049.0,빵집 오붓한생,전남 목포시 해안로237번길 24 1층,https://m.place.naver.com/restaurant/1903557049/home
18,1905076057.0,또야미,전남 목포시 영산로 648-24 라송센트럴 카운티5차 아파트 상가 103호,https://m.place.naver.com/restaurant/1905076057/home
19,1770824382.0,니즈커피,전남 목포시 용해로59번길 15,https://m.place.naver.com/restaurant/1770824382/home
20,1940530613.0,카페희온,전남 목포시 용해로86번길 12-1 1층 카페희온,https://m.place.naver.com/restaurant/1940530613/home
21,1404945597.0,밀키샵 목포점,전남 목포시 미항로 87-1 1층,https://m.place.naver.com/restaurant/1404945597/home
22,1193719699.0,동굴카페씨크릿,전남 목포시 해안로237번길 30-3,https://m.place.naver.com/restaurant/1193719699/home
23,1015971169.0,포비츠커피,전남 목포시 비파로43번길 40 1층,https://m.place.naver.com/restaurant/1015971169/home
24,1040676216.0,유달샌드,전남 목포시 노적봉길 7,https://m.place.naver.com/restaurant/1040676216/home
25,1658382449.0,카페버닝,전남 목포시 하당로 40 1층 카페버닝,https://m.place.naver.com/restaurant/1658382449/home
26,1669116958.0,버터크림,전남 목포시 비파로43번길 14,https://m.place.naver.com/restaurant/1669116958/home
27,1524636107.0,프랭크커핀바 목포 평화광장점,전남 목포시 평화로 44 1층,https://m.place.naver.com/restaurant/1524636107/home
28,1510129472.0,끼아라,전남 목포시 옥암로 168-6 1층,https://m.place.naver.com/restaurant/1510129472/home
29,1860511805.0,토브공작소,전남 목포시 복산길 52-1 토브공작소,https://m.place.naver.com/restaurant/1860511805/home
30,13125039.0,미추리빵 본점,전남 목포시 자유로82번길 2,https://m.place.naver.com/restaurant/13125039/home
31,1160869507.0,더스톤,전남 목포시 미항로 71 1층 더스톤,https://m.place.naver.com/restaurant/1160869507/home
32,1149334085.0,달몬트,전남 목포시 해안로 79,https://m.place.naver.com/restaurant/1149334085/home
33,1163715721.0,오너리스 목포점,전남 목포시 미항로 87-1 1층 오너리스,https://m.place.naver.com/restaurant/1163715721/home
34,1444754474.0,아마빌레,"전남 목포시 산정로238번길 4-1 카페 아마빌레 1,2층",https://m.place.naver.com/restaurant/1444754474/home
35,38511167.0,플로렌스&탕후루,전남 목포시 삼일로 52-4 플로렌스,https://m.place.naver.com/restaurant/38511167/home
36,1475748479.0,카페 명지,전남 목포시 마인계터로40번길 2-16 명지,https://m.place.naver.com/restaurant/1475748479/home
37,1486868804.0,롤앤베이크,전남 목포시 영산로40번길 3-2 1층,https://m.place.naver.com/restaurant/1486868804/home
38,1772567388.0,CLAIRE,전남 목포시 호남로64번길 31 보해상가 1층,https://m.place.naver.com/restaurant/1772567388/home
39,1080128067.0,카페모퉁이,"전남 목포시 번영로 51 1,2층",https://m.place.naver.com/restaurant/1080128067/home
40,1929334949.0,목포딸기모찌 본점,전남 목포시 번영로 167 1층,https://m.place.naver.com/restaurant/1929334949/home
41,19980157.0,투썸플레이스 목포하당점,전남 목포시 통일대로 66,https://m.place.naver.com/restaurant/19980157/home
42,1611999380.0,요거트아이스크림의정석 하당점,전남 목포시 부흥로 69 102동 상가 103호,https://m.place.naver.com/restaurant/1611999380/home
43,1178457410.0,꾸움,"전남 목포시 해안로165번길 48-1 1, 2층",https://m.place.naver.com/restaurant/1178457410/home
44,1876382239.0,파더스베이글 목포점,전남 목포시 백년대로 383 1층,https://m.place.naver.com/restaurant/1876382239/home
45,1210076422.0,다온커피,전남 목포시 원산로145번길 12,https://m.place.naver.com/restaurant/1210076422/home
46,1457978497.0,백야,전남 목포시 수문로 40-2 1층 백야,https://m.place.naver.com/restaurant/1457978497/home
47,38427392.0,산들소리찻집,전남 목포시 후광대로105번안길 2 산들소리찻집,https://m.place.naver.com/restaurant/38427392/home
48,1962642000.0,Cafe 리네아 하얀목화 유달2호점,전남 목포시 해안로165번길 41-1 1층,https://m.place.naver.com/restaurant/1962642000/home
49,1749309324.0,커피다옴,전남 목포시 포미로10번길 16-1 커피다옴,https://m.place.naver.com/restaurant/1749309324/home
0,1552026181.0,몽글푸딩,전남 목포시 영산로40번길 9 1층,https://m.place.naver.com/restaurant/1552026181/home
1,1261194481.0,위드베이크,전남 목포시 평화로 124 위드베이크,https://m.place.naver.com/restaurant/1261194481/home
2,1989843578.0,소문난만두찐빵,전남 목포시 석현로 28 청호시장,https://m.place.naver.com/restaurant/1989843578/home
3,1805097605.0,프랭크커핀바 목포북항점,전남 목포시 원산로69번안길 2 1층,https://m.place.naver.com/restaurant/1805097605/home
4,1435477014.0,달꽃담은,전남 목포시 삼각로43번길 7-1 달꽃담은,https://m.place.naver.com/restaurant/1435477014/home
5,1205007714.0,스타벅스 목포터미널DT점,전남 목포시 영산로 495,https://m.place.naver.com/restaurant/1205007714/home
6,1014838237.0,라망,전남 목포시 남악1로42번길 1 1층,https://m.place.naver.com/restaurant/1014838237/home
7,35221648.0,스타벅스 목포옥암점,전남 목포시 백년대로375번길 1,https://m.place.naver.com/restaurant/35221648/home
8,1011842337.0,메이커,전남 목포시 하당로60번길 10-2 1층,https://m.place.naver.com/restaurant/1011842337/home
9,1797316008.0,카페유달역,전남 목포시 영산로75번길 3-2,https://m.place.naver.com/restaurant/1797316008/home
10,1296301403.0,부바브루어스,전남 목포시 양을로232번길 3-1 1F 부바브루어스,https://m.place.naver.com/restaurant/1296301403/home
11,1625338735.0,시그니처 커피 로스터리,전남 목포시 삼학로334번길 10,https://m.place.naver.com/restaurant/1625338735/home
12,1201138609.0,매머드익스프레스 목포하당점,전남 목포시 비파로 96 1층 상가 113호,https://m.place.naver.com/restaurant/1201138609/home
13,1727614048.0,카페마일로 목포평화광장점,"전남 목포시 평화로83번길 16 1, 2층 101, 201호",https://m.place.naver.com/restaurant/1727614048/home
14,1208119153.0,아틀리에능소화,전남 목포시 해안로173번길 42,https://m.place.naver.com/restaurant/1208119153/home
15,1992462991.0,천사카롱제과점,전남 목포시 비파로 52 2층,https://m.place.naver.com/restaurant/1992462991/home
16,1302788714.0,더뷰,전남 목포시 해양대학로 66-2 더뷰,https://m.place.naver.com/restaurant/1302788714/home
17,1872993316.0,카페 수무,"전남 목포시 유달로 224 1층, 옥상층",https://m.place.naver.com/restaurant/1872993316/home
18,915571826.0,스타벅스 목포하당점,전남 목포시 백년대로 293,https://m.place.naver.com/restaurant/915571826/home
19,1059845402.0,쿠레레,전남 목포시 해안로229번길 19 1층,https://m.place.naver.com/restaurant/1059845402/home
20,1163770818.0,온후,전남 목포시 산정로37번길 12 1층 카페 온후,https://m.place.naver.com/restaurant/1163770818/home
21,1280262029.0,WAVE,"전남 목포시 수문로 15-2 1층 웨이브 카페, 2층 웨이브 공방",https://m.place.naver.com/restaurant/1280262029/home
22,1532052136.0,그리핀,전남 목포시 원산로145번안길 6-1,https://m.place.naver.com/restaurant/1532052136/home
23,1897321059.0,성수동꿀꽈배기 목포점,전남 목포시 부흥로 32 하당초원아파트 상가 1동,https://m.place.naver.com/restaurant/1897321059/home
24,1785476929.0,메가MGC커피 목포평화광장점,전남 목포시 원형로 48 1층 메가커피,https://m.place.naver.com/restaurant/1785476929/home
25,38290527.0,와플킹 목포점,전남 목포시 산정로186번길 1 1층,https://m.place.naver.com/restaurant/38290527/home
26,1282441242.0,디저트39 목포평화광장점,전남 목포시 원형로 37-1,https://m.place.naver.com/restaurant/1282441242/home
27,1726283558.0,평화다락방,전남 목포시 평화로 38-2,https://m.place.naver.com/restaurant/1726283558/home
28,1010995398.0,"담을꿈굿즈샵, 오월의하루공방카페",전남 목포시 영산로75번길 4-2 1층 담을꿈(구)오월의하루,https://m.place.naver.com/restaurant/1010995398/home
29,1920318746.0,토브,전남 목포시 삼향천로 25 1층,https://m.place.naver.com/restaurant/1920318746/home
30,1027299952.0,테이크목포,전남 목포시 영산로 15-1 1층,https://m.place.naver.com/restaurant/1027299952/home
31,1709482285.0,카페판도라,전남 목포시 평화로43번길 11-1 1층,https://m.place.naver.com/restaurant/1709482285/home
32,1207632522.0,꿀비,전남 목포시 하당로34번길 5,https://m.place.naver.com/restaurant/1207632522/home
33,31155679.0,어쩌면사무소,전남 목포시 소영길75번길 9,https://m.place.naver.com/restaurant/31155679/home
34,1543336859.0,엔엠커피,전남 목포시 용해로 57-2 1층,https://m.place.naver.com/restaurant/1543336859/home
35,1178531821.0,매머드익스프레스 목포삼학점,전남 목포시 용당로 69 1층,https://m.place.naver.com/restaurant/1178531821/home
36,1587202799.0,아띠몽 목포종합버스터미널점,전남 목포시 영산로 525 목포종합버스터미널 1층,https://m.place.naver.com/restaurant/1587202799/home
37,32670485.0,떡이야 하당점,전남 목포시 신흥로 67 떡이야,https://m.place.naver.com/restaurant/32670485/home
38,1773990610.0,마샤,전남 목포시 양을로397번길 29 송정빌딩,https://m.place.naver.com/restaurant/1773990610/home
39,1222202619.0,슬로멜,"전남 목포시 영산로40번길 5 , 1층(중앙동1가)",https://m.place.naver.com/restaurant/1222202619/home
40,1232083071.0,메이비,전남 목포시 하당로60번길 15 1층,https://m.place.naver.com/restaurant/1232083071/home
41,1239299536.0,목포샌드,전남 목포시 교육로 15 1층,https://m.place.naver.com/restaurant/1239299536/home
42,1869172777.0,목포소금샌드낭만,전남 목포시 영산로59번길 27-2 1층,https://m.place.naver.com/restaurant/1869172777/home
43,1789330703.0,우노커피,전남 목포시 산대로 80-1,https://m.place.naver.com/restaurant/1789330703/home
44,16800781.0,아르볼,전남 목포시 영산로565번길 9 상가동 108호,https://m.place.naver.com/restaurant/16800781/home
45,11770908.0,엔제리너스 목포옥암점,전남 목포시 옥암로 82,https://m.place.naver.com/restaurant/11770908/home
46,1277913877.0,유다원,전남 목포시 양을로143번길 3-1 유다원,https://m.place.naver.com/restaurant/1277913877/home
47,1946286957.0,메가MGC커피 목포역점,전남 목포시 수문로 14-2,https://m.place.naver.com/restaurant/1946286957/home
48,1519259948.0,무드비,전남 목포시 원산로59번길 11 1층,https://m.place.naver.com/restaurant/1519259948/home
49,1480065651.0,마마케끄,전남 목포시 연산백련로 27 101호 마마케끄,https://m.place.naver.com/restaurant/1480065651/home
0,1971203457.0,마지아레이크,전남 목포시 유동로 45-1 1층,https://m.place.naver.com/restaurant/1971203457/home
1,16820539.0,탐앤탐스 목포하당점,전남 목포시 신흥로83번길 27,https://m.place.naver.com/restaurant/16820539/home
2,1377431962.0,카페 디망쉬,전남 목포시 유동로42번길 5 카페 디망쉬,https://m.place.naver.com/restaurant/1377431962/home
3,1716870844.0,봄날,전남 목포시 죽교동 506-133,https://m.place.naver.com/restaurant/1716870844/home
4,1413067753.0,대반동예스,전남 목포시 해안로 6 1층,https://m.place.naver.com/restaurant/1413067753/home
5,1126999692.0,와플대학 목포북항캠퍼스,전남 목포시 원산중앙로 8,https://m.place.naver.com/restaurant/1126999692/home
6,1270934515.0,다좌원,전남 목포시 번화로 51 다좌원,https://m.place.naver.com/restaurant/1270934515/home
7,1806406002.0,할리스 목포하당점,전남 목포시 비파로51번길 37,https://m.place.naver.com/restaurant/1806406002/home
8,1608482804.0,솔마을과자점,전남 목포시 마파지로 86-7 1층 솔마을과자점,https://m.place.naver.com/restaurant/1608482804/home
9,1347862810.0,케이알갤러리,전남 목포시 평화로 38 골든타워 6층,https://m.place.naver.com/restaurant/1347862810/home
10,1945784295.0,영현빵집,전남 목포시 용해지구로88번길 8 상가동 105호,https://m.place.naver.com/restaurant/1945784295/home
11,1843732447.0,스타벅스 목포용해DT점,전남 목포시 대양로 133,https://m.place.naver.com/restaurant/1843732447/home
12,62511776.0,이디야커피 목포북항점,"전남 목포시 청호로219번길 34-15 104, 204호 이디야커피 목포북항점",https://m.place.naver.com/restaurant/62511776/home
13,1594919311.0,빽다방 목포장미의거리점,전남 목포시 비파로51번길 31,https://m.place.naver.com/restaurant/1594919311/home
14,1319295367.0,오늘도푸름,전남 목포시 수문로35번길 5 상가 B호,https://m.place.naver.com/restaurant/1319295367/home
15,1430122872.0,시루위에꽃,전남 목포시 하당로68번길 15-1 시루위에꽃,https://m.place.naver.com/restaurant/1430122872/home
16,1275994797.0,카페유달,전남 목포시 북교길 6,https://m.place.naver.com/restaurant/1275994797/home
17,1761951799.0,씨엘비 베이커리 북항점,전남 목포시 해양대학로 240 1층,https://m.place.naver.com/restaurant/1761951799/home
18,36867617.0,크리스피크림도넛 목포상동점,전남 목포시 백년대로 340,https://m.place.naver.com/restaurant/36867617/home
19,1104803514.0,은드림,전남 목포시 복산길12번길 10,https://m.place.naver.com/restaurant/1104803514/home
20,1378269987.0,무유,전남 목포시 장미로 5,https://m.place.naver.com/restaurant/1378269987/home
21,36256160.0,이디야커피 목포평화광장점,전남 목포시 미항로 131,https://m.place.naver.com/restaurant/36256160/home
22,1371971386.0,봉명동내커피 목포1호점,전남 목포시 옥암로 95 1층 2111호,https://m.place.naver.com/restaurant/1371971386/home
23,35168713.0,일층카페,전남 목포시 하당로 38-1,https://m.place.naver.com/restaurant/35168713/home
24,305286440.0,이디야커피 목포부영점,전남 목포시 옥암로 42,https://m.place.naver.com/restaurant/305286440/home
25,1571264335.0,베르시,전남 목포시 연산백련로7번길 6 1층 베르시,https://m.place.naver.com/restaurant/1571264335/home
26,1355907559.0,케이키 목포옥암점,전남 목포시 남악1로52번나길 31-11 101호 케이키 목포옥암점,https://m.place.naver.com/restaurant/1355907559/home
27,35234794.0,설빙 목포하당점,전남 목포시 미항로 133,https://m.place.naver.com/restaurant/35234794/home
28,1714274415.0,하삼동커피 하당점,전남 목포시 백년대로 340 하삼동커피,https://m.place.naver.com/restaurant/1714274415/home
29,1490998101.0,당거,전남 목포시 영산로 54,https://m.place.naver.com/restaurant/1490998101/home
30,1793167063.0,허니무화,전남 목포시 영산로75번길 1-2 무화과빵,https://m.place.naver.com/restaurant/1793167063/home
31,32805414.0,드리밍,전남 목포시 삼향천로 90-1,https://m.place.naver.com/restaurant/32805414/home
32,1193890647.0,동주,전남 목포시 석현로 28 140호 4번출구와5번출구사이,https://m.place.naver.com/restaurant/1193890647/home
33,1925792791.0,쿠잉제과,전남 목포시 옥암로96번길 1 3동 쿠잉제과,https://m.place.naver.com/restaurant/1925792791/home
34,1039127666.0,옛날막걸리술빵,전남 목포시 삼학로35번길 24 목포 막걸리찐빵,https://m.place.naver.com/restaurant/1039127666/home
35,1231483558.0,컴포즈커피 목포하당점,전남 목포시 비파로 64,https://m.place.naver.com/restaurant/1231483558/home
36,1113464479.0,레이디벅스,전남 목포시 남악2로9번길 3-6,https://m.place.naver.com/restaurant/1113464479/home
37,1786346270.0,꾸지뽕 왕꽈배기,전남 목포시 남해로63번길 24,https://m.place.naver.com/restaurant/1786346270/home
38,809435540.0,차휴,전남 목포시 산정로238번길 6,https://m.place.naver.com/restaurant/809435540/home
39,1261422106.0,샐러드메이트,전남 목포시 양을로 42 상가동 101호,https://m.place.naver.com/restaurant/1261422106/home
40,1474571905.0,스텔라,"전남 목포시 유동로36번길 22-8 . 1,2층(중동1가)",https://m.place.naver.com/restaurant/1474571905/home
41,1882698561.0,오리진 커피 로스터즈,전남 목포시 미항로 75 ORIGIN,https://m.place.naver.com/restaurant/1882698561/home
42,1573483059.0,더왈츠,전남 목포시 하당로 36,https://m.place.naver.com/restaurant/1573483059/home
43,1429698648.0,프롬서산카페,전남 목포시 보리마당로22번길 13,https://m.place.naver.com/restaurant/1429698648/home
44,1324709518.0,당과담,전남 목포시 백년대로307번길 9 당과담,https://m.place.naver.com/restaurant/1324709518/home
45,1820837283.0,또봄카페,전남 목포시 백년대로323번길 7 1층 또봄카페,https://m.place.naver.com/restaurant/1820837283/home
46,1806190204.0,투썸플레이스 목포석현점,전남 목포시 옥암로 190 1층 101호 102호,https://m.place.naver.com/restaurant/1806190204/home
47,1440757048.0,플래너스터디카페,전남 목포시 원산중앙로 28 3층,https://m.place.naver.com/restaurant/1440757048/home
48,1009784971.0,하루호두,전남 목포시 원산로145번길 8 1층,https://m.place.naver.com/restaurant/1009784971/home
49,13401866.0,코코호도 하당점,전남 목포시 신흥로45번길 2,https://m.place.naver.com/restaurant/13401866/home
0,1599376883.0,포니케이크,전남 목포시 신흥로83번길 20 상가동 103호,https://m.place.naver.com/restaurant/1599376883/home
1,1712765856.0,빽다방 옥암점,전남 목포시 당가두로 18,https://m.place.naver.com/restaurant/1712765856/home
2,1692970931.0,트리플에이커피 남악옥암점,전남 목포시 남악2로 54 남악프라자1 제 101호 트리플에이커피,https://m.place.naver.com/restaurant/1692970931/home
3,1481926172.0,골목커피,전남 목포시 원산로 38 차오름 1층 골목커피,https://m.place.naver.com/restaurant/1481926172/home
4,1603055730.0,리본스터디카페 하당점,"전남 목포시 비파로43번길 7 2층, 리본스터디카페 하당점",https://m.place.naver.com/restaurant/1603055730/home
5,1418849316.0,카페살라토,전남 목포시 호남로64번길 23,https://m.place.naver.com/restaurant/1418849316/home
6,1038472632.0,굿스고로케앤꽈배기 목포점,전남 목포시 삼향천로 20-1 굿스고로케앤꽈배기,https://m.place.naver.com/restaurant/1038472632/home
7,1748426375.0,빽다방 목포용해점,전남 목포시 연산백련로 13 1층,https://m.place.naver.com/restaurant/1748426375/home
8,846262023.0,테바,전남 목포시 평화로 42 테바 카페,https://m.place.naver.com/restaurant/846262023/home
9,1858760649.0,이츠루카,전남 목포시 수문로 32 트윈스타 상가 1층 104호,https://m.place.naver.com/restaurant/1858760649/home
10,,,,https://m.place.naver.com/restaurant/1858760649/home
11,33811409.0,할리스 목포평화점,전남 목포시 미항로 129,https://m.place.naver.com/restaurant/33811409/home
12,1924932196.0,그루브,전남 목포시 원산로59번길 34 1층,https://m.place.naver.com/restaurant/1924932196/home
13,16784983.0,파리바게뜨 목포하당점,전남 목포시 신흥로 16 (상동 983-6) 1층,https://m.place.naver.com/restaurant/16784983/home
14,1650333195.0,뚜레쥬르 목포하당점,전남 목포시 원형로 44-2 1층,https://m.place.naver.com/restaurant/1650333195/home
15,1351812835.0,컴포즈커피 목포상동점,전남 목포시 옥암로 114 1층 컴포즈커피 목포상동점,https://m.place.naver.com/restaurant/1351812835/home
16,12898676.0,배스킨라빈스 목포하당점,전남 목포시 비파로43번길 31-1 (상동) 1층,https://m.place.naver.com/restaurant/12898676/home
17,1946150954.0,메가MGC커피 목포하당점,전남 목포시 비파로43번길 30 1층,https://m.place.naver.com/restaurant/1946150954/home
18,1746529306.0,와플칸 목포점,전남 목포시 장미로 50 1층 와플칸목포,https://m.place.naver.com/restaurant/1746529306/home
19,1148692618.0,라르고하,"전남 목포시 허사로81번길 37 1,2층",https://m.place.naver.com/restaurant/1148692618/home
20,1229787034.0,카페비비알오,전남 목포시 수문로 32 111호,https://m.place.naver.com/restaurant/1229787034/home
21,1000435751.0,테라스하우스,"전남 목포시 영산로75번길 21 3층, 4층, 5층",https://m.place.naver.com/restaurant/1000435751/home
22,1288829083.0,퐁당파인,전남 목포시 원산로 67 107호,https://m.place.naver.com/restaurant/1288829083/home
23,1341823230.0,스텝업,전남 목포시 복산길6번길 35,https://m.place.naver.com/restaurant/1341823230/home
24,1565202151.0,이디야커피 목포대성점,전남 목포시 양을로 59 1층,https://m.place.naver.com/restaurant/1565202151/home
25,1847358717.0,원메이드,전남 목포시 영산로59번길 32-1 1층 원메이드,https://m.place.naver.com/restaurant/1847358717/home
26,1487048077.0,드로잉카페 화가의집,전남 목포시 차범석길23번길 3-1,https://m.place.naver.com/restaurant/1487048077/home
27,1552324312.0,요커 목포하당점,전남 목포시 백년대로 304 104호,https://m.place.naver.com/restaurant/1552324312/home
28,1004947667.0,비건베이커리 쿠비쿠비,전남 목포시 하당로 100 1층,https://m.place.naver.com/restaurant/1004947667/home
29,1100737072.0,메가MGC커피 목포북항점,전남 목포시 청호로 177,https://m.place.naver.com/restaurant/1100737072/home
30,1843915719.0,투엔포카페,전남 목포시 대양산단로125번길 179-12 2동 104호,https://m.place.naver.com/restaurant/1843915719/home
31,1121858352.0,김은주화과자점,전남 목포시 번화로 60 1층,https://m.place.naver.com/restaurant/1121858352/home
32,1398433486.0,큰별스터디카페,전남 목포시 청호로219번길 30 북항N노을스페이스 202호,https://m.place.naver.com/restaurant/1398433486/home
33,36256113.0,엔제리너스커피 목포법원프라자점,전남 목포시 후광대로 110,https://m.place.naver.com/restaurant/36256113/home
34,1007498849.0,카페몬드리안,전남 목포시 평화로 86 1층 카페몬드리안,https://m.place.naver.com/restaurant/1007498849/home
35,1234572700.0,카페섶,전남 목포시 섶나루길 31 1층,https://m.place.naver.com/restaurant/1234572700/home
36,1175093074.0,배스킨라빈스 목포상동점,전남 목포시 하당로 264,https://m.place.naver.com/restaurant/1175093074/home
37,1142233621.0,커피볶는칼디,전남 목포시 원산중앙로 10-3,https://m.place.naver.com/restaurant/1142233621/home
38,1862984748.0,더벤티 목포하당점,전남 목포시 부흥로 83 1층,https://m.place.naver.com/restaurant/1862984748/home
39,1324396400.0,메가MGC커피 목포상동중앙점,전남 목포시 텃골로13번길 76 1층,https://m.place.naver.com/restaurant/1324396400/home
40,1167762993.0,태연꽃채움 앙금플라워케이크,전남 목포시 마파지로 5 1층,https://m.place.naver.com/restaurant/1167762993/home
41,1075899448.0,퐁치커피익스프레스 목포용당점,전남 목포시 양을로 224 상가2동 113호,https://m.place.naver.com/restaurant/1075899448/home
42,1261548678.0,커피앤스토리,전남 목포시 미항로 77 커피앤스토리,https://m.place.naver.com/restaurant/1261548678/home
43,1286223953.0,마노커피,전남 목포시 영산로40번길 20 1층,https://m.place.naver.com/restaurant/1286223953/home
44,38483999.0,투썸플레이스 목포북항점,전남 목포시 원산중앙로 7,https://m.place.naver.com/restaurant/38483999/home
45,1680916974.0,공감,전남 목포시 마인계터로 44 카페 공감,https://m.place.naver.com/restaurant/1680916974/home
46,1206526818.0,투티프루티,전남 목포시 원형서로 48-1 1층 투티프루티,https://m.place.naver.com/restaurant/1206526818/home
47,1122136464.0,흰수염고래,전남 목포시 삼학로 329,https://m.place.naver.com/restaurant/1122136464/home
48,1235549011.0,레드블랙커피,전남 목포시 미항로 195 레드블랙 커피,https://m.place.naver.com/restaurant/1235549011/home
49,1350326055.0,만호,전남 목포시 해안로237번길 19-4,https://m.place.naver.com/restaurant/1350326055/home
0,1170391698.0,평화로오백빵,전남 목포시 평화로 3 . 1층 평화로오백빵,https://m.place.naver.com/restaurant/1170391698/home
1,1963314021.0,커피베이 평화광장점,전남 목포시 평화로 41,https://m.place.naver.com/restaurant/1963314021/home
2,1751773176.0,공차 목포북항점,전남 목포시 청호로 180,https://m.place.naver.com/restaurant/1751773176/home
3,1261390200.0,우주라이크커피 목포이로점,전남 목포시 이로로 3 1층,https://m.place.naver.com/restaurant/1261390200/home
4,1478451251.0,꽃마리,전남 목포시 후광대로105번길 17-1,https://m.place.naver.com/restaurant/1478451251/home
5,1142312566.0,메리보아,전남 목포시 용두로10번길 2 1층,https://m.place.naver.com/restaurant/1142312566/home
6,564850177.0,비마이갸또,전남 목포시 수문로 80,https://m.place.naver.com/restaurant/564850177/home
7,1856309798.0,후르츠볼,전남 목포시 호남로64번길 29-2 1층,https://m.place.naver.com/restaurant/1856309798/home
8,944293868.0,오가다 목포포미연산점,전남 목포시 연산백련로1번길 8-4 샤인빌 1층 오가다 목포포미연산점,https://m.place.naver.com/restaurant/944293868/home
9,1966493975.0,스푼스,전남 목포시 영산로75번길 13-1 스푼스,https://m.place.naver.com/restaurant/1966493975/home
10,1528812680.0,카페포셀린,전남 목포시 영산로75번길 3-1 카페포셀린,https://m.place.naver.com/restaurant/1528812680/home
11,1980473958.0,오쇼잉,전남 목포시 영산로59번길 30 목포극장 1층 오쇼잉,https://m.place.naver.com/restaurant/1980473958/home
12,36827596.0,파스쿠찌 목포용해점,전남 목포시 용해지구로 1,https://m.place.naver.com/restaurant/36827596/home
13,1540883274.0,매머드익스프레스 목포신세계병원점,전남 목포시 백년대로 258 1층,https://m.place.naver.com/restaurant/1540883274/home
14,37039388.0,카페 밀물,전남 목포시 영산로 64 1층 카페 밀물,https://m.place.naver.com/restaurant/37039388/home
15,33937451.0,카페푸르미르,전남 목포시 미항로 165 카페 푸르미르,https://m.place.naver.com/restaurant/33937451/home
16,16838524.0,백제당제과점,전남 목포시 산정로 174,https://m.place.naver.com/restaurant/16838524/home
17,37775717.0,요거프레소 평화광장점,전남 목포시 평화로107번길 27 요거프레소 평화광장점,https://m.place.naver.com/restaurant/37775717/home
18,1787597186.0,빽다방 목포터미널점,전남 목포시 영산로 515 1층,https://m.place.naver.com/restaurant/1787597186/home
19,1042646265.0,디저트39 목포산정점,전남 목포시 청호로 176 쥬빌리 메디칼센터 1층,https://m.place.naver.com/restaurant/1042646265/home
20,16734062.0,파리바게뜨 목포북항점,전남 목포시 청호로 192-1 .,https://m.place.naver.com/restaurant/16734062/home
21,1934402037.0,컴포즈커피 목포평화광장점,전남 목포시 원형로 20 1층,https://m.place.naver.com/restaurant/1934402037/home
22,33021936.0,탐앤탐스 목포상동점,전남 목포시 원형동로 10,https://m.place.naver.com/restaurant/33021936/home
23,1510493668.0,리게인스터디카페 목포북항점,전남 목포시 청호로 188,https://m.place.naver.com/restaurant/1510493668/home
24,1721249190.0,문리버,전남 목포시 만호로 21-2 1층,https://m.place.naver.com/restaurant/1721249190/home
25,31492636.0,까페치노,전남 목포시 유달로 1 까페치노,https://m.place.naver.com/restaurant/31492636/home
26,1817633216.0,달담케이크,전남 목포시 청호로 177 104호 달담케이크,https://m.place.naver.com/restaurant/1817633216/home
27,1295057643.0,오지파머스커피,전남 목포시 번영로 172 대경천사캐슬 1층 101호,https://m.place.naver.com/restaurant/1295057643/home
28,1981629809.0,오프그레이커피,전남 목포시 상리로15번길 1-2 1층 오프그레이커피,https://m.place.naver.com/restaurant/1981629809/home
29,1984290705.0,메가MGC커피 목포연산점,전남 목포시 원산중앙로 107 연산주공아파트상가동 106호,https://m.place.naver.com/restaurant/1984290705/home
30,37547087.0,마시청,전남 목포시 북항로 71 마시청,https://m.place.naver.com/restaurant/37547087/home
31,1169229875.0,빽다방 목포북항골든점,전남 목포시 원산중앙로 10 105호,https://m.place.naver.com/restaurant/1169229875/home
32,417666132.0,이디야커피 목포백련점,전남 목포시 연산백련로7번길 2-14,https://m.place.naver.com/restaurant/417666132/home
33,36439550.0,던킨 목포기독병원점,전남 목포시 백년대로297번길 3 상동,https://m.place.naver.com/restaurant/36439550/home
34,1451559187.0,이화떡케이크,전남 목포시 마인계터로39번길 2-1,https://m.place.naver.com/restaurant/1451559187/home
35,30868225.0,파스쿠찌 목포장미의거리점,전남 목포시 장미로 56 (상동) 상동 1003-1 1F,https://m.place.naver.com/restaurant/30868225/home
36,1616277675.0,큰별스터디카페 포미점,전남 목포시 포미로 8 2층 큰별스터디카페,https://m.place.naver.com/restaurant/1616277675/home
37,1116659223.0,엘리펀트앤코카롱,전남 목포시 삼향천로91번길 10,https://m.place.naver.com/restaurant/1116659223/home
38,1161183986.0,컴포즈커피 목포용당점,전남 목포시 동부로 5 1층,https://m.place.naver.com/restaurant/1161183986/home
39,1218980116.0,하루일기카페,전남 목포시 남악1로16번길 22-11 1층,https://m.place.naver.com/restaurant/1218980116/home
40,1115621359.0,빽다방 목포역점,전남 목포시 수문로 9 1층,https://m.place.naver.com/restaurant/1115621359/home
41,1239514290.0,아이차,전남 목포시 복산길 16-1 1층,https://m.place.naver.com/restaurant/1239514290/home
42,1178003742.0,와플랑 목포하당점,전남 목포시 평화로 44 2층,https://m.place.naver.com/restaurant/1178003742/home
43,1293693992.0,메가MGC커피 목포포미점,전남 목포시 용해지구로 11,https://m.place.naver.com/restaurant/1293693992/home
44,1608796131.0,대단한탕후루 목포석현점,전남 목포시 영산로565번길 9 상가동 107호,https://m.place.naver.com/restaurant/1608796131/home
45,1850417071.0,메가MGC커피 목포상동점,전남 목포시 백년대로 324,https://m.place.naver.com/restaurant/1850417071/home
46,1097320596.0,해피니스,전남 목포시 백년대로 288 1층,https://m.place.naver.com/restaurant/1097320596/home
47,35076031.0,설빙 전남목포장미꽃길점,전남 목포시 장미로 30,https://m.place.naver.com/restaurant/35076031/home
48,1062402751.0,셀렉토커피 목포하당점,전남 목포시 옥암로 16,https://m.place.naver.com/restaurant/1062402751/home
49,1055825674.0,갑순이라이브 7080,전남 목포시 통일대로 42-1 2층,https://m.place.naver.com/restaurant/1055825674/home
